h,euler_explicit,euler_implicit,euler_trapezium,euler_improved,runge_kutta_3rd,runge_kutta_4th,adams_monlton,adams_bashforth
0.01000000,1.19260254,48.57026367,43.97243652,2.78720703,3.49047852,5.28737793,315.65173340,6.38789062
0.00500000,2.59301758,59.17590332,48.36687012,5.88430176,7.67946777,10.57209473,443.28439941,13.06520996
0.00100000,12.96528320,30.43623047,33.61003418,30.71765137,41.64165039,54.85251465,493.82307129,66.11806641
0.00050000,28.42741699,54.05429687,67.07429199,61.84191895,77.99611816,109.78242187,806.31479492,132.31530762
0.00020000,75.06044922,140.62548828,178.12783203,160.38054199,198.11984863,261.86474609,1660.44897461,337.39760742
0.00010000,162.11394043,289.73242188,379.60402832,339.42971191,399.63227539,538.48239746,3068.49562988,685.17211914
